{
  "user": [
    {
      "id": 1,
      "name": "Majahar",
      "email": "majahar@gmail.com",
      "password": "Test@1234"
    },
    {
      "id": 2,
      "name": "Varaprasad",
      "email": "varaprasad@gmail.com",
      "password": "Test@1234"
    },
    {
      "id": 3,
      "name": "Vamsi",
      "email": "vamsi@gmail.com",
      "password": "Test@1234"
    },
    {
      "id": 4,
      "name": "Shridhar",
      "email": "shridhar@gmail.com",
      "password": "Test@1234"
    }
  ],
  "notification": [
    {
      "id": 1,
      "user_id": 1,
      "file_name": "Company Presentation.pdf",
      "is_read": false,
      "user_action": "UPLOAD",
      "created_at": "2023-08-16 09:00:00"
    },
    {
      "id": 2,
      "user_id": 2,
      "file_name": "Financial Report.pdf",
      "is_read": false,
      "user_action": "UPLOAD",
      "created_at": "2023-08-16 10:30:00"
    },
    {
      "id": 3,
      "user_id": 4,
      "file_name": "Project Proposal.pdf",
      "is_read": true,
      "user_action": "DELETE",
      "created_at": "2023-08-16 12:15:00"
    },
    {
      "id": 4,
      "user_id": 3,
      "file_name": "User Manual.pdf",
      "is_read": false,
      "user_action": "REQUEST_ACCESS",
      "created_at": "2023-08-16 14:45:00"
    }
  ],
  "files": [
    {
      "id": 1,
      "user_id": 1,
      "name": "Company Presentation",
      "type": "PDF",
      "path": "/path/to/company_presentation.ppt",
      "created_at": "2023-08-16 09:00:00",
      "updated_at": "2023-08-16 09:00:00"
    },
    {
      "id": 2,
      "user_id": 2,
      "name": "Financial Report",
      "type": "PDF",
      "path": "/path/to/financial_report.pdf",
      "created_at": "2023-08-16 10:30:00",
      "updated_at": "2023-08-16 10:30:00"
    },
    {
      "id": 3,
      "user_id": 4,
      "name": "Project Proposal",
      "type": "PDF",
      "path": "/path/to/project_proposal.ppt",
      "created_at": "2023-08-16 12:15:00",
      "updated_at": "2023-08-16 12:15:00"
    },
    {
      "id": 4,
      "user_id": 3,
      "name": "User Manual",
      "type": "PDF",
      "path": "/path/to/user_manual.pdf",
      "created_at": "2023-08-16 14:45:00",
      "updated_at": "2023-08-16 14:45:00"
    }
  ]
}
