{
  "users": [
    {
      "id": 1,
      "first_name": "Ross",
      "last_name": "Gener",
      "email": "ross.gener@gmail.com",
      "password": "123456789",
      "dateofbirth": "19-09-1998",
      "phone_no": "+44 020 7947 6330",
      "country_of_residence": "United kingdom",
      "home_address": "43 Bishophore Road",
      "city": "Pencoed",
      "pincode": "CF357RJ",
      "account_type_id": [
        {
          "id": 1,
          "account_type_name": "business account"
        }
      ]
    }
  ],
  "businesses": [
    {
      "id": 1,
      "business_name": "Zentech Solution Pvt Ltd",
      "registration_number": "2020ZEN5367GJ",
      "category": "Real estate or construction",
      "sub_category": "Real estate sale, purchase and management",
      "size_of_business": "50-100"
    },
    {
      "id": 2,
      "business_name": "Zemoso technologies pvt ltd",
      "registration_number": "3020ZEN5367GH",
      "category": "Design, marketing or communication",
      "sub_category": "Design marketing, and management",
      "size_of_business": "100-150"
    },
    {
      "id": 3,
      "business_name": "ZedX Infotech pvt ltd",
      "registration_number": "2020ZEN5367GJ",
      "category": "Health, sports or personal care",
      "sub_category": "Health sport or personal care and management",
      "size_of_business": "10-100"
    },
    {
      "id": 4,
      "business_name": "Zeswe Solutions pvt ltd",
      "registration_number": "2020ZEN5367GJ",
      "category": "Education or learning",
      "sub_category": "Education or learing and management",
      "size_of_business": "200-300"
    }
  ],
  "addresses": [
    [
      {
        "id": 1,
        "address": "#2097, Triveni Main Rd, Gokula 1st Stage, Nanjappa Reddy Colony, Yeswanthpur, Bengaluru, Karnataka 560054"
      }
    ]
  ],
  "transactions": [
    {
      "id": 1,
      "from_currency": "GBP",
      "to_currency": "EUR",
      "amount_sent": "100",
      "amount_converted": "113.98",
      "purpose_of_payment": "Paying for goods or services abroad",
      "transfer_rate": "1.20048",
      "trasaction_status": "sending",
      "transfer_number": "#3227627272",
      "user_id": 1,
      "recipient_id": 1
    }
  ],
  "recipients": [
    {
      "id": 1,
      "email": "mario.gabriel@gmail.com",
      "first_name": "Mario",
      "last_name": "Gabriel",
      "account_number": "21363738391910",
      "account_type": "Checking",
      "IFSC_code": "ABFJ12929G"
    }
  ],
  "bank_cards": [
    {
      "id": 1,
      "cvv": "546",
      "expiry_date": "09/25",
      "card_number": "9313",
      "user_id": 1
    },
    {
      "id": 2,
      "cvv": "446",
      "expiry_date": "09/27",
      "card_number": "3253",
      "user_id": 1
    }
  ],
  "user_accounts": [
    {
      "id": 1,
      "account_number": "729019188810",
      "reference_id": "#356778810",
      "uk-sort-code": "24-14-70",
      "bank_details": [
        {
          "id": 1,
          "bank_name": "Lloyds",
          "bank_address": "56 Shoreditch High Street"
        }
      ]
    },
    {
      "id": 2,
      "account_number": "963219188810",
      "reference_id": "#789478810",
      "uk-sort-code": "24-14-70",
      "bank_details": [
        {
          "id": 2,
          "bank_name": "State bank of India",
          "bank_address": "8642 Oak Lane"
        }
      ]
    },
    {
      "id": 3,
      "account_number": "587949188810",
      "reference_id": "#254778810",
      "uk-sort-code": "28-11-87",
      "bank_details": [
        {
          "id": 3,
          "bank_name": "HDFC",
          "bank_address": "5432 Pine Street"
        }
      ]
    }
  ],
  "owners": [
    {
      "id": 1,
      "first_name": "Ross",
      "last_name": "Gabriel",
      "dateOfBirth": "09-09-1980",
      "country_of_residence": "United Kingdom",
      "business_id": 1,
      "type_of_owner": "director"
    },
    {
      "id": 2,
      "first_name": "Mario",
      "last_name": "Gabriel",
      "dateOfBirth": "10-09-1981",
      "country_of_residence": "United Kingdom",
      "business_id": 1,
      "type_of_owner": "director"
    },
    {
      "id": 3,
      "first_name": "Rome",
      "last_name": "Smith",
      "dateOfBirth": "12-09-1978",
      "country_of_residence": "United Kingdom",
      "business_id": 1,
      "type_of_owner": "shareholder"
    }
  ]
}
